Segment,Elastic_Category_Share
VIP,0.16309133489461358
Regular,0.17438111087996672
